{"format":2,"version":"7.3.1","globals":"c2935c2392838b40de88bb984eaa4269","files":{"d_af79f3804eddddbf___init___py":{"hash":"e6baa73cda2916dad605215f937a92e1","index":{"nums":[0,1,0,0,0,0,0,0],"html_filename":"d_af79f3804eddddbf___init___py.html","relative_filename":"src/common/__init__.py"}},"d_af79f3804eddddbf_environment_py":{"hash":"0aaab3728979d6ddf172e01582051b6d","index":{"nums":[0,1,4,0,0,0,0,0],"html_filename":"d_af79f3804eddddbf_environment_py.html","relative_filename":"src/common/environment.py"}},"d_145eef247bfb46b6_main_py":{"hash":"cec7dfc4b1d7ccc3c8b0a7cc585957f4","index":{"nums":[0,1,7,1,0,0,0,0],"html_filename":"d_145eef247bfb46b6_main_py.html","relative_filename":"src/main.py"}},"d_67b705ad3caeec84___init___py":{"hash":"e6baa73cda2916dad605215f937a92e1","index":{"nums":[0,1,0,0,0,0,0,0],"html_filename":"d_67b705ad3caeec84___init___py.html","relative_filename":"src/routers/__init__.py"}},"d_67b705ad3caeec84_version_py":{"hash":"bc727e37ff8a5dbb5af88de2b14164b7","index":{"nums":[0,1,7,0,0,0,0,0],"html_filename":"d_67b705ad3caeec84_version_py.html","relative_filename":"src/routers/version.py"}}}}